{"name":"4c354d33-d882-4e5d-b8f8-dd4858da5355","id":"/providers/Microsoft.Flow/flows/4c354d33-d882-4e5d-b8f8-dd4858da5355","type":"Microsoft.Flow/flows","properties":{"apiId":"/providers/Microsoft.PowerApps/apis/shared_logicflows","displayName":"Finance PMO Task Update Email","definition":{"metadata":{"workflowEntityId":null,"creator":{"id":"f1a737f7-2a8e-42e8-894a-d811768a6241","type":"User","tenantId":"5d3e2773-e07f-4432-a630-1a0f68a28a05"},"provisioningMethod":"FromDefinition","failureAlertSubscription":true,"clientLastModifiedTime":"2020-05-01T20:26:50.9557697Z","flowclientsuspensionreason":"None","flowclientsuspensiontime":null,"processAdvisorMetadata":null},"$schema":"https://schema.management.azure.com/providers/Microsoft.Logic/schemas/2016-06-01/workflowdefinition.json#","contentVersion":"1.0.0.0","parameters":{"$connections":{"defaultValue":{},"type":"Object"},"$authentication":{"defaultValue":{},"type":"SecureObject"}},"triggers":{"When_an_upcoming_event_is_starting_soon_(V3)":{"recurrence":{"frequency":"Minute","interval":5},"splitOn":"@triggerBody()?['value']","metadata":{"flowSystemMetadata":{"swaggerOperationId":"OnUpcomingEventsV3"}},"type":"ApiConnection","inputs":{"host":{"connection":{"name":"@parameters('$connections')['shared_office365']['connectionId']"},"api":{"runtimeUrl":"https://flow-apim-msmanaged-na-westus2-01.azure-apim.net/apim/office365"}},"method":"get","path":"/v3/Events/OnUpcomingEvents","queries":{"table":"AAMkAGY3ZjJjZjRiLTdlYWQtNDY2My04ZWU2LTEwNWRmNzE3YmIzZgBGAAAAAAACYyj5-W9ZSrHPAz0TPpcuBwAgUU6r9feaQqqvjThdmHAnAAAAAAEGAADW-Qk5ZPzfSZX2KA764iKUAAJHAD3sAAA=","lookAheadTimeInMinutes":6260},"authentication":"@parameters('$authentication')"}}},"actions":{"Initialize_variable_-_TaskTable":{"runAfter":{},"type":"InitializeVariable","inputs":{"variables":[{"name":"TaskTable","type":"array"}]}},"Initialize_variable_-_DistinctEmails":{"runAfter":{"Initialize_variable_-_TaskTable":["Succeeded"]},"type":"InitializeVariable","inputs":{"variables":[{"name":"DistinctEmails","type":"array"}]}},"Condition":{"actions":{"Get_items_-_Finance_PMO_Tasks":{"runAfter":{},"metadata":{"flowSystemMetadata":{"swaggerOperationId":"GetItems"}},"type":"ApiConnection","inputs":{"host":{"connection":{"name":"@parameters('$connections')['shared_sharepointonline']['connectionId']"},"api":{"runtimeUrl":"https://flow-apim-msmanaged-na-westus2-01.azure-apim.net/apim/sharepointonline"}},"method":"get","path":"/datasets/@{encodeURIComponent(encodeURIComponent('https://mfc.sharepoint.com/sites/o365g_usfinancepmo'))}/tables/@{encodeURIComponent(encodeURIComponent('61a07c06-08fa-4c54-b3ba-2add78b640fe'))}/items","queries":{"$filter":"Reporting_x0020_Date ge '@{subtractFromTime(startOfMonth(utcNow()), 1, 'Month')}'","$orderby":"Title asc"},"authentication":"@parameters('$authentication')"}},"Apply_to_each_-_Task_Record":{"foreach":"@body('Get_items_-_Finance_PMO_Tasks')?['value']","actions":{"Append_to_array_variable_-_Add_Email_to_DistinctEmails":{"runAfter":{},"type":"AppendToArrayVariable","inputs":{"name":"DistinctEmails","value":"@items('Apply_to_each_-_Task_Record')?['Task_x0020_Owner']?['Email']"}},"Append_to_array_variable_-_Add_Project_Info_to_TaskTable":{"runAfter":{"Append_to_array_variable_-_Add_Email_to_DistinctEmails":["Succeeded"]},"type":"AppendToArrayVariable","inputs":{"name":"TaskTable","value":{"Owner Name":"@items('Apply_to_each_-_Task_Record')?['Task_x0020_Owner']?['DisplayName']","Owner Email":"@items('Apply_to_each_-_Task_Record')?['Task_x0020_Owner']?['Email']","Task Description":"@items('Apply_to_each_-_Task_Record')?['Title']","Task Status":"@items('Apply_to_each_-_Task_Record')?['Task_x0020_Status']?['Value']"}}}},"runAfter":{"Get_items_-_Finance_PMO_Tasks":["Succeeded"]},"type":"Foreach"},"Compose_-_Remove_duplicate_records_for_DistinctEmails":{"runAfter":{"Apply_to_each_-_Task_Record":["Succeeded"]},"type":"Compose","inputs":"@union(variables('DistinctEmails'), variables('DistinctEmails'))"},"Set_variable_-_Save_modification_to_DistinctEmails":{"runAfter":{"Compose_-_Remove_duplicate_records_for_DistinctEmails":["Succeeded"]},"type":"SetVariable","inputs":{"name":"DistinctEmails","value":"@outputs('Compose_-_Remove_duplicate_records_for_DistinctEmails')"}},"Apply_to_each_-_For_every_unique_email,_summarize_table_and_send_email":{"foreach":"@variables('DistinctEmails')","actions":{"Filter_array_-_Filter_TaskTable_on_only_records_applicable_to_current_email":{"runAfter":{},"type":"Query","inputs":{"from":"@variables('TaskTable')","where":"@equals(item()?['Owner Email'], items('Apply_to_each_-_For_every_unique_email,_summarize_table_and_send_email'))"}},"Select_-_Choose_columns_to_display_within_email":{"runAfter":{"Filter_array_-_Filter_TaskTable_on_only_records_applicable_to_current_email":["Succeeded"]},"type":"Select","inputs":{"from":"@body('Filter_array_-_Filter_TaskTable_on_only_records_applicable_to_current_email')","select":{"Task Description":"@item()?['Task Description']","Task Status":"@item()?['Task Status']"}}},"Send_an_email_(V2)_-_Send_email_to_each_distinct_email_with_personal_tasks":{"runAfter":{"Compose_-_add_styling_to_beginning_of_table":["Succeeded"]},"metadata":{"flowSystemMetadata":{"swaggerOperationId":"SendEmailV2"}},"type":"ApiConnection","inputs":{"host":{"connection":{"name":"@parameters('$connections')['shared_office365']['connectionId']"},"api":{"runtimeUrl":"https://flow-apim-msmanaged-na-westus2-01.azure-apim.net/apim/office365"}},"method":"post","body":{"To":"@{items('Apply_to_each_-_For_every_unique_email,_summarize_table_and_send_email')}","Subject":"Finance PMO Task Updates Due by @{formatDateTime(triggerBody()?['end'], 'ddddd, MMMM d')}","Body":"<p>Hello Finance PMO task owner,<br>\n<br>\nStatus updates are ready for entry through @{subtractFromTime(triggerBody()?['end'], 1, 'Month', 'MMMM yyyy')}. Please complete your updates by <b>@{formatDateTime(triggerBody()?['end'], 'ddddd, MMMM d')}!</b>\n</p>\n<p class=MsoNormal>\nLinks to Rapid Reports:<br>\n<a href=\"https://teams.microsoft.com/l/channel/19%3a5c3f2ef4cd544552a499989390ef8452%40thread.skype/Rapid%2520Reports?groupId=76086b47-d33e-43a1-937c-8b1543a37dd8&amp;tenantId=5d3e2773-e07f-4432-a630-1a0f68a28a05\">MS Teams Rapid Report Channel</a><br><a href=\"https://apps.powerapps.com/play/11754259-e3b4-4dcd-a509-e13ed102c83d?tenantId=5d3e2773-e07f-4432-a630-1a0f68a28a05\">Directly to PowerApp</a><o:p></o:p></p>\nCurrently, you have the following tasks open:<br>\n@{outputs('Compose_-_add_styling_to_beginning_of_table')}<br>\n</p>\n<p>Thanks,<br>\n<span style='font-size:10.0pt;font-family:\"Rockwell\",serif;color:#004080'>Brett J. Rosequist, PMP, RTE, CSPO, CSM | Project Director, US Finance PMO</span><b><span style='font-size:8.0pt;font-family:\"Verdana\",sans-serif;color:#004080'> </span></b><a href=\"https://www.yammer.com/manulife.com/#/threads/inGroup?type=in_group&amp;feedId=10464621&amp;view=all\"><b><span style='font-size:8.0pt;font-family:\"Verdana\",sans-serif;color:blue;text-decoration:none'></span></b></a><span style='font-size:10.0pt;font-family:\"Rockwell\",serif;color:black'><br></span><span style='font-size:10.0pt;font-family:\"Rockwell\",serif;color:blue'><a href=\"mailto:BRosequist@jhancock.com\"><span style='color:blue'>BRosequist@jhancock.com</span></a></span><span style='font-size:10.0pt;font-family:\"Rockwell\",serif;color:black'> | <a href=\"http://www.johnhancock.com/\"><span style='color:blue'>johnhancock.com</span></a> | </span><a href=\"https://www.linkedin.com/in/brosequist/\"><span style='color:windowtext;text-decoration:none'></span></a><span style='font-size:10.0pt;font-family:\"Rockwell\",serif;color:black'><o:p></o:p></span></p><p class=MsoNormal><o:p>&nbsp;</o:p></p>","Importance":"Normal"},"path":"/v2/Mail","authentication":"@parameters('$authentication')"}},"Create_HTML_table_-_Make_table_to_display_in_email":{"runAfter":{"Select_-_Choose_columns_to_display_within_email":["Succeeded"]},"type":"Table","inputs":{"from":"@body('Select_-_Choose_columns_to_display_within_email')","format":"HTML"}},"Compose_-_add_styling_to_beginning_of_table":{"runAfter":{"Create_HTML_table_-_Make_table_to_display_in_email":["Succeeded"]},"type":"Compose","inputs":"<style>\ntable {\n  border: 3px solid #000000;\n  width: 100%;\n  text-align: left;\n  border-collapse: collapse;\n}\ntable td, table th {\n  border: 1px solid #000000;\n  padding: 5px 4px;\n}\ntable tbody td {\n  font-size: 13px;\n}\ntable thead {\n  background: #CFCFCF;\n  background: -moz-linear-gradient(top, #dbdbdb 0%, #d3d3d3 66%, #CFCFCF 100%);\n  background: -webkit-linear-gradient(top, #dbdbdb 0%, #d3d3d3 66%, #CFCFCF 100%);\n  background: linear-gradient(to bottom, #dbdbdb 0%, #d3d3d3 66%, #CFCFCF 100%);\n  border-bottom: 3px solid #000000;\n}\ntable thead th {\n  font-size: 15px;\n  font-weight: bold;\n  color: #000000;\n  text-align: left;\n}\ntable tfoot {\n  font-size: 14px;\n  font-weight: bold;\n  color: #000000;\n  border-top: 3px solid #000000;\n}\ntable tfoot td {\n  font-size: 14px;\n}\n</style>\n@{body('Create_HTML_table_-_Make_table_to_display_in_email')}"}},"runAfter":{"Set_variable_-_Save_modification_to_DistinctEmails":["Succeeded"]},"type":"Foreach"}},"runAfter":{"Initialize_variable_-_DistinctEmails":["Succeeded"]},"expression":{"equals":["@triggerBody()?['subject']","Status Updates Due"]},"type":"If"}}},"connectionReferences":{"shared_sharepointonline":{"connectionName":"09fa54e09949427ab80d258e79c06c2c","source":"Embedded","id":"/providers/Microsoft.PowerApps/apis/shared_sharepointonline","tier":"NotSpecified"},"shared_office365":{"connectionName":"9d4f6d6eaa6a9a55230f6abbf2287f96","source":"Embedded","id":"/providers/Microsoft.PowerApps/apis/shared_office365","tier":"NotSpecified"}},"flowFailureAlertSubscribed":false}}