{"schemaVersion":"1.0","appDefinitionTemplate":{"id":"/providers/Microsoft.PowerApps/apps/","type":"Microsoft.PowerApps/apps","tags":{"primaryDeviceWidth":"1366","primaryDeviceHeight":"768","sienaVersion":"20210722T014839Z-3.21071.26.0","deviceCapabilities":"","supportsPortrait":"false","supportsLandscape":"true","primaryFormFactor":"Tablet","publisherVersion":"3.21071.26","minimumRequiredApiVersion":"2.2.0","hasComponent":"false","hasUnlockedComponent":"false","isUnifiedRootApp":"false"},"properties":{"appVersion":"2021-07-22T01:48:39Z","lifeCycleId":"Published","createdByClientVersion":{"major":3,"minor":21071,"build":26,"revision":0,"majorRevision":0,"minorRevision":0},"minClientVersion":{"major":3,"minor":21071,"build":26,"revision":0,"majorRevision":0,"minorRevision":0},"backgroundColor":"rgba(253, 193, 2, 1)","backgroundImageUri":"/3315809214878731/N8f19f761-3282-4c3d-bcb7-a7db914329f5-logoSmallFile","displayName":"ESS Close Incident Report","description":"","commitMessage":"","appUris":{"documentUri":{"value":"/3315809214878731/N3115b944-eb38-4fae-84bf-024d4250aaeb-document.msapp"},"imageUris":[]},"createdTime":"0001-01-01T00:00:00Z","lastModifiedTime":"0001-01-01T00:00:00Z","sharedGroupsCount":0,"sharedUsersCount":0,"icons":{"smallIconUri":"/3315809214878731/N3326aa79-4287-4048-9186-4f236d4ffda0-small.png","mediumIconUri":"/3315809214878731/N90634835-aa79-4420-9bd4-cdf5809e7504-medium.png","largeIconUri":"/3315809214878731/Na482da51-3155-405f-ae17-e0c9ca88bb73-large.png","wideIconUri":"/3315809214878731/N95649e7a-ea08-440c-ab65-d6b417e00d72-wide.png"},"connectionReferences":{"248d1e68-a1eb-4867-b8ea-dc3839e87313":{"id":"0ae21895-4e8b-466d-8e39-f5f9f5a10f85","displayName":"Office 365 Users","iconUri":"https://connectoricons-prod.azureedge.net/releases/v1.0.1472/1.0.1472.2427/office365users/icon.png","dataSources":["Office365Users"],"dependencies":[],"dependents":[],"parameterHints":{},"parameterHintsV2":{},"isOnPremiseConnection":false,"bypassConsent":false,"dataSets":{},"apiTier":"Standard","isCustomApiConnection":false,"actions":["MyProfileV2"]},"48072bfc-2d51-4fd2-a352-d3c875c0bfdf":{"id":"18b3e1de-8ab2-4e09-ad34-4eb5aace76c3","displayName":"SharePoint","iconUri":"https://connectoricons-prod.azureedge.net/releases/v1.0.1487/1.0.1487.2472/sharepointonline/icon.png","dataSources":["ESS Close Incident Tracker"],"dependencies":[],"dependents":[],"parameterHints":{},"parameterHintsV2":{},"isOnPremiseConnection":false,"bypassConsent":false,"dataSets":{"https://mfc.sharepoint.com/sites/gf_fin_restricted":{"dataSources":{"ESS Close Incident Tracker":{"tableName":"38fc8160-edc7-412c-91c3-ffd5455692d2"}}}},"apiTier":"Standard","isCustomApiConnection":false}},"databaseReferences":{},"almMode":"Environment","performanceOptimizationEnabled":true,"canConsumeAppPass":true,"executionRestrictions":{"isTeamsOnly":false,"dataLossPreventionEvaluationResult":{"status":"Compliant","lastEvaluationDate":"2021-04-29T13:42:25.2353203Z","violationDetails":[]}}},"appType":"ClassicCanvasApp","appComponents":[]}}