{"schemaVersion":"1.0","appDefinitionTemplate":{"id":"/providers/Microsoft.PowerApps/apps/","type":"Microsoft.PowerApps/apps","tags":{"primaryDeviceWidth":"1366","primaryDeviceHeight":"768","sienaVersion":"20210728T173239Z-3.21071.26.0","deviceCapabilities":"","supportsPortrait":"false","supportsLandscape":"true","primaryFormFactor":"Tablet","publisherVersion":"3.21071.26","minimumRequiredApiVersion":"2.2.0","hasComponent":"false","hasUnlockedComponent":"false","isUnifiedRootApp":"false"},"properties":{"appVersion":"2021-07-28T17:32:39Z","lifeCycleId":"Published","createdByClientVersion":{"major":3,"minor":21071,"build":26,"revision":0,"majorRevision":0,"minorRevision":0},"minClientVersion":{"major":3,"minor":21071,"build":26,"revision":0,"majorRevision":0,"minorRevision":0},"backgroundColor":"rgba(0, 176, 240, 1)","backgroundImageUri":"/9953391105231404918/N021ddcef-41a3-4bee-b0c9-f83962440f98-logoSmallFile","displayName":"ExFiT Intake Requests","description":"","commitMessage":"","appUris":{"documentUri":{"value":"/9953391105231404918/N9c4b9a36-dcc3-4a8a-901e-95f45445ec47-document.msapp"},"imageUris":[]},"createdTime":"0001-01-01T00:00:00Z","lastModifiedTime":"0001-01-01T00:00:00Z","sharedGroupsCount":0,"sharedUsersCount":0,"icons":{"smallIconUri":"/9953391105231404918/N18dc8b42-d137-427f-ae1d-9d79f70d6b73-small.png","mediumIconUri":"/9953391105231404918/N1698c12d-c19a-4381-930a-56c5f6063dcd-medium.png","largeIconUri":"/9953391105231404918/Nfab54af1-9a3d-4957-a99b-32c025f579b4-large.png","wideIconUri":"/9953391105231404918/Na3038616-43d5-449f-9360-3648656ea9d5-wide.png"},"connectionReferences":{"4794822d-a0b3-448a-9729-82dbe7399aee":{"id":"18b3e1de-8ab2-4e09-ad34-4eb5aace76c3","displayName":"SharePoint","iconUri":"https://connectoricons-prod.azureedge.net/releases/v1.0.1487/1.0.1487.2472/sharepointonline/icon.png","dataSources":["ESS Intake Request Form"],"dependencies":[],"dependents":[],"parameterHints":{},"parameterHintsV2":{},"isOnPremiseConnection":false,"bypassConsent":false,"dataSets":{"https://mfc.sharepoint.com/sites/gf_fin_restricted":{"dataSources":{"ESS Intake Request Form":{"tableName":"0eab60eb-d533-49e3-a55a-f9439c21483b"}}}},"apiTier":"Standard","isCustomApiConnection":false}},"databaseReferences":{},"almMode":"Environment","performanceOptimizationEnabled":true,"canConsumeAppPass":true,"executionRestrictions":{"isTeamsOnly":false,"dataLossPreventionEvaluationResult":{"status":"Compliant","lastEvaluationDate":"2021-06-21T17:09:05.2814442Z","violations":[],"violationsByPolicy":[],"violationErrorMessage":"The app uses the following connectors: shared_sharepointonline."}}},"appType":"ClassicCanvasApp","appComponents":[]}}