{"name":"f5e1c4a1-f705-4620-bbe7-33dc79880c10","id":"/providers/Microsoft.Flow/flows/f5e1c4a1-f705-4620-bbe7-33dc79880c10","type":"Microsoft.Flow/flows","properties":{"apiId":"/providers/Microsoft.PowerApps/apis/shared_logicflows","displayName":"Copy Finance PMO Tasks to New Period","definition":{"metadata":{"workflowEntityId":null,"creator":{"id":"f1a737f7-2a8e-42e8-894a-d811768a6241","type":"User","tenantId":"5d3e2773-e07f-4432-a630-1a0f68a28a05"},"provisioningMethod":"FromDefinition","failureAlertSubscription":true,"clientLastModifiedTime":"2020-05-01T13:29:59.6256518Z","flowclientsuspensionreason":"None","flowclientsuspensiontime":null,"processAdvisorMetadata":null},"$schema":"https://schema.management.azure.com/providers/Microsoft.Logic/schemas/2016-06-01/workflowdefinition.json#","contentVersion":"1.0.0.0","parameters":{"$connections":{"defaultValue":{},"type":"Object"},"$authentication":{"defaultValue":{},"type":"SecureObject"}},"triggers":{"Recurrence":{"recurrence":{"frequency":"Month","interval":1,"timeZone":"Eastern Standard Time","startTime":"2020-05-01T00:00:00"},"type":"Recurrence"}},"actions":{"Get_items":{"runAfter":{},"metadata":{"flowSystemMetadata":{"swaggerOperationId":"GetItems"}},"type":"ApiConnection","inputs":{"host":{"connection":{"name":"@parameters('$connections')['shared_sharepointonline_1']['connectionId']"},"api":{"runtimeUrl":"https://flow-apim-msmanaged-na-westus2-01.azure-apim.net/apim/sharepointonline"}},"method":"get","path":"/datasets/@{encodeURIComponent(encodeURIComponent('https://mfc.sharepoint.com/sites/o365g_usfinancepmo'))}/tables/@{encodeURIComponent(encodeURIComponent('61a07c06-08fa-4c54-b3ba-2add78b640fe'))}/items","queries":{"$filter":"Reporting_x0020_Date ge '@{subtractFromTime(startOfMonth(utcNow()), 2, 'Month')}' and Task_x0020_Status ne 'Cancelled' and Task_x0020_Status ne 'Complete'","$orderby":"Title asc"},"authentication":"@parameters('$authentication')"}},"Apply_to_each":{"foreach":"@body('Get_items')?['value']","actions":{"Create_item":{"runAfter":{},"metadata":{"flowSystemMetadata":{"swaggerOperationId":"PostItem"}},"type":"ApiConnection","inputs":{"host":{"connection":{"name":"@parameters('$connections')['shared_sharepointonline_1']['connectionId']"},"api":{"runtimeUrl":"https://flow-apim-msmanaged-na-westus2-01.azure-apim.net/apim/sharepointonline"}},"method":"post","body":{"Title":"@items('Apply_to_each')?['Title']","Reporting_x0020_Date":"@{addDays(startOfMonth(utcNow()), -1)}","Task_x0020_Owner":{"Claims":"@items('Apply_to_each')?['Task_x0020_Owner']?['Claims']"},"Task_x0020_Status":{"Value":"@items('Apply_to_each')?['Task_x0020_Status']?['Value']"},"Task_x0020_Domain":{"Value":"@items('Apply_to_each')?['Task_x0020_Domain']?['Value']"},"Task_x0020_Sponsor_x0028_s_x0029":"@items('Apply_to_each')?['Task_x0020_Sponsor_x0028_s_x0029']","Comments":"@items('Apply_to_each')?['Comments']","Task_x0020_Deadline":"@items('Apply_to_each')?['Task_x0020_Deadline']","Link_x0020_to_x0020_Additional_x":"@items('Apply_to_each')?['Link_x0020_to_x0020_Additional_x']","Locked":false},"path":"/datasets/@{encodeURIComponent(encodeURIComponent('https://mfc.sharepoint.com/sites/o365g_usfinancepmo'))}/tables/@{encodeURIComponent(encodeURIComponent('61a07c06-08fa-4c54-b3ba-2add78b640fe'))}/items","queries":{"view":"71cbe970-6158-462b-bad9-c2d50fa8baf4"},"authentication":"@parameters('$authentication')"}}},"runAfter":{"Get_items":["Succeeded"]},"type":"Foreach"},"Post_a_message_as_the_Flow_bot_to_a_channel":{"runAfter":{"Apply_to_each":["Succeeded"]},"metadata":{"flowSystemMetadata":{"swaggerOperationId":"PostChannelNotification"}},"type":"ApiConnection","inputs":{"host":{"connection":{"name":"@parameters('$connections')['shared_teams']['connectionId']"},"api":{"runtimeUrl":"https://flow-apim-msmanaged-na-eastus2-01.azure-apim.net/apim/teams"}},"method":"post","body":{"recipient":{"channelId":"19:5c3f2ef4cd544552a499989390ef8452@thread.skype"},"messageBody":"Finance PMO Rapid Reports task data was successfully rolled forward from @{getPastTime(2, 'Month', 'MMMM')} to @{getPastTime(1, 'Month', 'MMMM')}."},"path":"/flowbot/actions/notification/recipienttypes/channel","queries":{"groupId":"76086b47-d33e-43a1-937c-8b1543a37dd8"},"authentication":"@parameters('$authentication')"}}}},"connectionReferences":{"shared_sharepointonline_1":{"connectionName":"09fa54e09949427ab80d258e79c06c2c","source":"Embedded","id":"/providers/Microsoft.PowerApps/apis/shared_sharepointonline","tier":"NotSpecified"},"shared_teams":{"connectionName":"shared-teams-866dc6a7-9dbc-48a3-924a-dd8168ab981f","source":"Embedded","id":"/providers/Microsoft.PowerApps/apis/shared_teams","tier":"NotSpecified"}},"flowFailureAlertSubscribed":false}}