{"name":"1041fb7e-81e8-496a-8b85-061326f2dd54","id":"/providers/Microsoft.Flow/flows/1041fb7e-81e8-496a-8b85-061326f2dd54","type":"Microsoft.Flow/flows","properties":{"apiId":"/providers/Microsoft.PowerApps/apis/shared_logicflows","displayName":"ESS Close Incident Report - New Incident","definition":{"metadata":{"workflowEntityId":null,"processAdvisorMetadata":null,"flowclientsuspensionreason":"None","flowclientsuspensiontime":null,"creator":{"id":"f1a737f7-2a8e-42e8-894a-d811768a6241","type":"User","tenantId":"5d3e2773-e07f-4432-a630-1a0f68a28a05"},"provisioningMethod":"FromDefinition","failureAlertSubscription":true,"clientLastModifiedTime":"2021-07-20T04:30:40.0454764Z"},"$schema":"https://schema.management.azure.com/providers/Microsoft.Logic/schemas/2016-06-01/workflowdefinition.json#","contentVersion":"1.0.0.0","parameters":{"$connections":{"defaultValue":{},"type":"Object"},"$authentication":{"defaultValue":{},"type":"SecureObject"}},"triggers":{"When_an_item_is_created_on_Incident_List":{"recurrence":{"frequency":"Minute","interval":5},"splitOn":"@triggerOutputs()?['body/value']","type":"OpenApiConnection","inputs":{"host":{"apiId":"/providers/Microsoft.PowerApps/apis/shared_sharepointonline","connectionName":"shared_sharepointonline","operationId":"GetOnNewItems"},"parameters":{"dataset":"https://mfc.sharepoint.com/sites/gf_fin_restricted","table":"38fc8160-edc7-412c-91c3-ffd5455692d2"},"authentication":"@parameters('$authentication')"}}},"actions":{"Get_items_from_ESS_Contacts":{"runAfter":{},"type":"OpenApiConnection","inputs":{"host":{"apiId":"/providers/Microsoft.PowerApps/apis/shared_sharepointonline","connectionName":"shared_sharepointonline","operationId":"GetItems"},"parameters":{"dataset":"https://mfc.sharepoint.com/sites/gf_fin_restricted","table":"285fad49-197c-416d-b4c4-fc6f0be1281e"},"authentication":"@parameters('$authentication')"}},"Initialize_variable_-_DistinctEmails":{"runAfter":{"Get_items_from_ESS_Contacts":["Succeeded"]},"type":"InitializeVariable","inputs":{"variables":[{"name":"DistinctEmails","type":"array"}]}},"Initialize_variable_-_DistinctDomains":{"runAfter":{"Initialize_variable_-_DistinctEmails":["Succeeded"]},"type":"InitializeVariable","inputs":{"variables":[{"name":"DistinctDomains","type":"array"}]}},"Apply_to_each_Segments_Impacted":{"foreach":"@triggerOutputs()?['body/Segment_x0028_s_x0029__x0020_Imp']","actions":{"Append_to_array_variable":{"runAfter":{},"type":"AppendToArrayVariable","inputs":{"name":"DistinctDomains","value":{"Domains":"@items('Apply_to_each_Segments_Impacted')?['Value']","Type":"Segment"}}}},"runAfter":{"Initialize_variable_-_DistinctDomains":["Succeeded"]},"type":"Foreach"},"Apply_to_each_Functions_Impacted":{"foreach":"@triggerOutputs()?['body/Function_x0028_s_x0029__x0020_Im']","actions":{"Append_to_array_variable_2":{"runAfter":{},"type":"AppendToArrayVariable","inputs":{"name":"DistinctDomains","value":{"Domains":"@items('Apply_to_each_Functions_Impacted')?['Value']","Type":"Segment"}}}},"runAfter":{"Apply_to_each_Segments_Impacted":["Succeeded"]},"type":"Foreach"},"Apply_to_each_DistinctDomain":{"foreach":"@variables('DistinctDomains')","actions":{"Filter_array_where_List_equals_DistinctDomains":{"runAfter":{},"type":"Query","inputs":{"from":"@outputs('Get_items_from_ESS_Contacts')?['body/value']","where":"@equals(item()?['Title'], items('Apply_to_each_DistinctDomain')?['Domains'])"}},"Apply_to_each_Filter_Array_record":{"foreach":"@body('Filter_array_where_List_equals_DistinctDomains')","actions":{"Apply_to_each_Contact_in_record":{"foreach":"@items('Apply_to_each_Filter_Array_record')?['Contacts']","actions":{"Append_to_array_variable_3":{"runAfter":{},"type":"AppendToArrayVariable","inputs":{"name":"DistinctEmails","value":{"Email":"@items('Apply_to_each_Contact_in_record')?['Email']","Name":"@items('Apply_to_each_Contact_in_record')?['DisplayName']"}}}},"runAfter":{},"type":"Foreach"}},"runAfter":{"Filter_array_where_List_equals_DistinctDomains":["Succeeded"]},"type":"Foreach"}},"runAfter":{"Apply_to_each_Functions_Impacted":["Succeeded"]},"type":"Foreach"},"Compose_-_Remove_Duplicates_from_Distinct_Emails":{"runAfter":{"Apply_to_each_DistinctDomain":["Succeeded"]},"type":"Compose","inputs":"@union(variables('DistinctEmails'), variables('DistinctEmails'))"},"Apply_to_each_DistinctEmails":{"foreach":"@outputs('Compose_-_Remove_Duplicates_from_Distinct_Emails')","actions":{"Send_an_email_(V2)":{"runAfter":{},"type":"OpenApiConnection","inputs":{"host":{"apiId":"/providers/Microsoft.PowerApps/apis/shared_office365","connectionName":"shared_office365","operationId":"SendEmailV2"},"parameters":{"emailMessage/To":"@items('Apply_to_each_DistinctEmails')?['Email']","emailMessage/Subject":"New ESS Close Incident Logged","emailMessage/Body":"<html xmlns:v=\"urn:schemas-microsoft-com:vml\" xmlns:o=\"urn:schemas-microsoft-com:office:office\" xmlns:w=\"urn:schemas-microsoft-com:office:word\" xmlns:m=\"http://schemas.microsoft.com/office/2004/12/omml\" xmlns=\"http://www.w3.org/TR/REC-html40\"><head><meta http-equiv=Content-Type content=\"text/html; charset=us-ascii\"><meta name=Generator content=\"Microsoft Word 15 (filtered medium)\"><style><!--\n/* Font Definitions */\n@font-face\n\t{font-family:\"Cambria Math\";\n\tpanose-1:2 4 5 3 5 4 6 3 2 4;}\n@font-face\n\t{font-family:Calibri;\n\tpanose-1:2 15 5 2 2 2 4 3 2 4;}\n/* Style Definitions */\np.MsoNormal, li.MsoNormal, div.MsoNormal\n\t{margin:0in;\n\tfont-size:11.0pt;\n\tfont-family:\"Calibri\",sans-serif;}\na:link, span.MsoHyperlink\n\t{mso-style-priority:99;\n\tcolor:#0563C1;\n\ttext-decoration:underline;}\nspan.EmailStyle17\n\t{mso-style-type:personal-compose;\n\tfont-family:\"Calibri\",sans-serif;\n\tcolor:windowtext;}\n.MsoChpDefault\n\t{mso-style-type:export-only;\n\tfont-family:\"Calibri\",sans-serif;}\n@page WordSection1\n\t{size:8.5in 11.0in;\n\tmargin:1.0in 1.0in 1.0in 1.0in;}\ndiv.WordSection1\n\t{page:WordSection1;}\n--></style><!--[if gte mso 9]><xml>\n<o:shapedefaults v:ext=\"edit\" spidmax=\"1026\" />\n</xml><![endif]--><!--[if gte mso 9]><xml>\n<o:shapelayout v:ext=\"edit\">\n<o:idmap v:ext=\"edit\" data=\"1\" />\n</o:shapelayout></xml><![endif]--></head><body lang=EN-US link=\"#0563C1\" vlink=\"#954F72\" style='word-wrap:break-word'><div class=WordSection1><p class=MsoNormal>Hello @{items('Apply_to_each_DistinctEmails')?['Name']},<o:p></o:p></p><p class=MsoNormal><o:p>&nbsp;</o:p></p><p class=MsoNormal>An incident titled <b>@{triggerOutputs()?['body/Title']}</b> was submitted by @{triggerOutputs()?['body/Issue_x0020_Submitter/DisplayName']} with the <a href=\"https://apps.powerapps.com/play/88b8c18e-289a-4f09-a0ac-b2ed50309686?tenantId=5d3e2773-e07f-4432-a630-1a0f68a28a05\">ESS Close Incident Report Application</a>.<o:p></o:p></p><p class=MsoNormal><o:p>&nbsp;</o:p></p><p class=MsoNormal><b>Description of the Incident:</b><o:p></o:p></p><p class=MsoNormal>@{triggerOutputs()?['body/Issue_x0020_Description']}<o:p></o:p></p><p class=MsoNormal><o:p>&nbsp;</o:p></p><p class=MsoNormal>You are receiving the message since you are indicated as a key contact of one or more of the indicated Segments or Functions impacted by this incident. To change key contact information, please update the <a href=\"https://mfc.sharepoint.com/sites/gf_fin_restricted/Lists/ESS%20Contacts/AllItems.aspx\">ESS Contacts List</a>.<o:p></o:p></p></div></body></html>"},"authentication":"@parameters('$authentication')"}}},"runAfter":{"Compose_-_Remove_Duplicates_from_Distinct_Emails":["Succeeded"]},"type":"Foreach"}}},"connectionReferences":{"shared_sharepointonline":{"connectionName":"e8b8d75ba72141f59c41d2cbc044d148","source":"Embedded","id":"/providers/Microsoft.PowerApps/apis/shared_sharepointonline","tier":"NotSpecified"},"shared_office365":{"connectionName":"6823450617494564962c5a6deffdc731","source":"Embedded","id":"/providers/Microsoft.PowerApps/apis/shared_office365","tier":"NotSpecified"}},"flowFailureAlertSubscribed":false}}