{"schemaVersion":"1.0","appDefinitionTemplate":{"id":"/providers/Microsoft.PowerApps/apps/","type":"Microsoft.PowerApps/apps","tags":{"primaryDeviceWidth":"1366","primaryDeviceHeight":"768","sienaVersion":"20210809T145704Z-3.21073.27.0","deviceCapabilities":"","supportsPortrait":"true","supportsLandscape":"true","primaryFormFactor":"Tablet","publisherVersion":"3.21073.27","minimumRequiredApiVersion":"2.2.0","hasComponent":"false","hasUnlockedComponent":"false","isUnifiedRootApp":"false"},"properties":{"appVersion":"2021-08-09T14:57:04Z","lifeCycleId":"Published","createdByClientVersion":{"major":3,"minor":21073,"build":27,"revision":0,"majorRevision":0,"minorRevision":0},"minClientVersion":{"major":3,"minor":21073,"build":27,"revision":0,"majorRevision":0,"minorRevision":0},"backgroundColor":"rgba(0, 176, 240, 1)","backgroundImageUri":"/14168976880225360762/N2161d319-e22e-41db-b815-0811a2a59e3a-logoSmallFile","displayName":"ExFiT Initiative Tracking","description":"","commitMessage":"","appUris":{"documentUri":{"value":"/14168976880225360762/N541f93fd-0018-408c-9eca-85edb426e460-document.msapp"},"imageUris":[]},"createdTime":"0001-01-01T00:00:00Z","lastModifiedTime":"0001-01-01T00:00:00Z","sharedGroupsCount":0,"sharedUsersCount":0,"icons":{"smallIconUri":"/14168976880225360762/Nadf37f1e-e998-4d60-9b0e-24af28ced617-small.png","mediumIconUri":"/14168976880225360762/N4bd7f3c9-08c3-4dff-a779-2043f81cc2c5-medium.png","largeIconUri":"/14168976880225360762/N949e9520-72fa-49fa-94f5-f398de977f8c-large.png","wideIconUri":"/14168976880225360762/N69887a6a-55fe-4f77-a2a1-932c06ba4245-wide.png"},"connectionReferences":{"8b2c754d-e3a7-46d5-a97a-dcc556619eb9":{"id":"5626c34f-0c3a-4b56-a9cf-7300bb452cef","displayName":"SharePoint","iconUri":"https://connectoricons-prod.azureedge.net/releases/v1.0.1487/1.0.1487.2472/sharepointonline/icon.png","dataSources":["ExFiT Tasks","ExFiT Initiatives","ExFiT Domains"],"dependencies":[],"dependents":[],"parameterHints":{},"parameterHintsV2":{},"isOnPremiseConnection":false,"bypassConsent":false,"dataSets":{"https://mfc.sharepoint.com/sites/ExFiTTransformationTeam":{"dataSources":{"ExFiT Tasks":{"tableName":"e8c65578-128e-4cef-9abf-93f5b5c4ffb9"},"ExFiT Initiatives":{"tableName":"1c4cdc35-e6f9-4de0-8a20-e9c9c4d9884a"},"ExFiT Domains":{"tableName":"faab478f-77cd-42ce-ae0b-f44f6757c8a6"}}}},"apiTier":"Standard","isCustomApiConnection":false},"78f49c58-ffd1-43b3-88a9-0a2652466dd8":{"id":"a9d8327d-4c6e-4b5b-8c75-05e0ddc9d8fe","displayName":"Office 365 Users","iconUri":"https://connectoricons-prod.azureedge.net/releases/v1.0.1472/1.0.1472.2427/office365users/icon.png","dataSources":["Office365Users"],"dependencies":[],"dependents":[],"parameterHints":{},"parameterHintsV2":{},"isOnPremiseConnection":false,"bypassConsent":false,"dataSets":{},"apiTier":"Standard","isCustomApiConnection":false,"actions":["MyProfileV2"]}},"databaseReferences":{},"almMode":"Environment","performanceOptimizationEnabled":true,"canConsumeAppPass":true,"executionRestrictions":{"isTeamsOnly":false,"dataLossPreventionEvaluationResult":{"status":"Compliant","lastEvaluationDate":"2021-07-13T13:01:05.6700229Z","violations":[],"violationsByPolicy":[],"violationErrorMessage":"The app uses the following connectors: shared_sharepointonline."}}},"appType":"ClassicCanvasApp","appComponents":[]}}