{"schemaVersion":"1.0","appDefinitionTemplate":{"id":"/providers/Microsoft.PowerApps/apps/","type":"Microsoft.PowerApps/apps","tags":{"primaryDeviceWidth":"1366","primaryDeviceHeight":"768","sienaVersion":"20201110T143444Z-3.20103.28.0","deviceCapabilities":"","supportsPortrait":"false","supportsLandscape":"true","primaryFormFactor":"Tablet","publisherVersion":"3.20103.28","minimumRequiredApiVersion":"2.2.0","hasComponent":"false","hasNonOOBComponent":"false","hasUnlockedComponent":"false","isUnifiedRootApp":"false"},"properties":{"appVersion":"2020-11-10T14:34:44Z","lifeCycleId":"Published","createdByClientVersion":{"major":3,"minor":20103,"build":28,"revision":0,"majorRevision":0,"minorRevision":0},"minClientVersion":{"major":3,"minor":20103,"build":28,"revision":0,"majorRevision":0,"minorRevision":0},"backgroundColor":"rgba(0, 176, 240, 1)","backgroundImageUri":"/12132233327879380873/N4c23935a-4ca1-47b6-a99e-e11f1625ba87-logoSmallFile","displayName":"Finance PMO Rapid Report","description":"","commitMessage":"","appUris":{"documentUri":{"value":"/12132233327879380873/N59c76a51-1c60-4835-8d48-2808176bf051-document.msapp"},"imageUris":[]},"createdTime":"0001-01-01T00:00:00Z","lastModifiedTime":"0001-01-01T00:00:00Z","sharedGroupsCount":0,"sharedUsersCount":0,"icons":{"smallIconUri":"/12132233327879380873/N486c643b-e2e5-47bc-a46e-31b3ae002d79-small.png","mediumIconUri":"/12132233327879380873/N1e87069e-90b2-4eae-8bba-fa18cffee4ae-medium.png","largeIconUri":"/12132233327879380873/Nbbe8b748-859f-49a2-83a6-fab5271cca08-large.png","wideIconUri":"/12132233327879380873/N229c3971-7da9-4680-b930-7eeba914d4ec-wide.png"},"connectionReferences":{"2c8b8a67-b106-4f47-a1aa-53029cc0f684":{"id":"18b3e1de-8ab2-4e09-ad34-4eb5aace76c3","displayName":"SharePoint","iconUri":"https://connectoricons-prod.azureedge.net/releases/v1.0.1402/1.0.1402.2163/sharepointonline/icon.png","dataSources":["US Finance PMO Member Tasks"],"dependencies":[],"dependents":[],"parameterHints":{},"isOnPremiseConnection":false,"bypassConsent":false,"dataSets":{"https://mfc.sharepoint.com/sites/o365g_usfinancepmo/":{"dataSources":{"US Finance PMO Member Tasks":{"tableName":"61a07c06-08fa-4c54-b3ba-2add78b640fe"}}}},"apiTier":"Standard","isCustomApiConnection":false},"b3031db3-8c7a-472b-8bb3-7758a734d2f4":{"id":"0ae21895-4e8b-466d-8e39-f5f9f5a10f85","displayName":"Office 365 Users","iconUri":"https://connectoricons-prod.azureedge.net/releases/v1.0.1402/1.0.1402.2163/office365users/icon.png","dataSources":["Office365Users"],"dependencies":[],"dependents":[],"parameterHints":{},"isOnPremiseConnection":false,"bypassConsent":false,"dataSets":{},"apiTier":"Standard","isCustomApiConnection":false,"actions":["MyProfile"]}},"databaseReferences":{},"almMode":"Environment","performanceOptimizationEnabled":true,"canConsumeAppPass":false,"executionRestrictions":{"isTeamsOnly":false,"dataLossPreventionEvaluationResult":{"status":"Compliant","lastEvaluationDate":"2020-10-20T13:17:37.0973913Z","violationDetails":[]}}},"isAppComponentLibrary":false,"appType":"ClassicCanvasApp","appComponents":[]}}