{"name":"265eac51-02c6-44ab-8c56-ad710e5b43cc","id":"/providers/Microsoft.Flow/flows/265eac51-02c6-44ab-8c56-ad710e5b43cc","type":"Microsoft.Flow/flows","properties":{"apiId":"/providers/Microsoft.PowerApps/apis/shared_logicflows","displayName":"Autograbber_GetFolders","definition":{"metadata":{"workflowEntityId":null,"processAdvisorMetadata":null,"flowclientsuspensionreason":"None","flowclientsuspensiontime":null,"creator":{"id":"f1a737f7-2a8e-42e8-894a-d811768a6241","type":"User","tenantId":"5d3e2773-e07f-4432-a630-1a0f68a28a05"},"provisioningMethod":"FromDefinition","failureAlertSubscription":true,"clientLastModifiedTime":"2021-08-23T15:10:50.4551179Z"},"$schema":"https://schema.management.azure.com/providers/Microsoft.Logic/schemas/2016-06-01/workflowdefinition.json#","contentVersion":"1.0.0.0","parameters":{"$connections":{"defaultValue":{},"type":"Object"},"$authentication":{"defaultValue":{},"type":"SecureObject"}},"triggers":{"manual":{"type":"Request","kind":"PowerApp","inputs":{"schema":{"type":"object","properties":{},"required":[]}}}},"actions":{"Execute_stored_procedure_(V2)":{"runAfter":{},"type":"OpenApiConnection","inputs":{"host":{"apiId":"/providers/Microsoft.PowerApps/apis/shared_sql","connectionName":"shared_sql","operationId":"ExecuteProcedure_V2"},"parameters":{"server":"default","database":"default","procedure":"[dbo].[Proc_GetFolders]","parameters":{}},"authentication":{"value":"@json(decodeBase64(triggerOutputs().headers['X-MS-APIM-Tokens']))['$ConnectionKey']","type":"Raw"}}},"Response":{"runAfter":{"Execute_stored_procedure_(V2)":["Succeeded"]},"type":"Response","kind":"Http","inputs":{"statusCode":200,"body":"@body('Execute_stored_procedure_(V2)')['ResultSets']['Table1']","schema":{"type":"array","items":{"type":"object","properties":{"FolderID":{"type":"integer"},"Mth":{"type":"integer"},"Yr":{"type":"integer"},"TeamID":{"type":"integer"},"FullPath":{"type":"string"},"CreatedBy":{"type":"string"},"CreateDate":{"type":"string"},"Accessible":{},"LastFullPath":{},"Comments":{"type":"string"},"ScanDate":{}}}}}}}},"connectionReferences":{"shared_sql":{"connectionName":"2071916c87904dbf9ebf655cfd07ac1d","source":"Invoker","id":"/providers/Microsoft.PowerApps/apis/shared_sql","tier":"NotSpecified"}},"flowFailureAlertSubscribed":false}}